Código,Nome,Volume,Última (R$),Variação
HAPV3,Hapvida,107.804.400,4,06,+4,10%
MGLU3,Magazine Luiza,76.488.200,3,73,-1,58%
BBDC4,Banco Bradesco,46.480.600,15,70,-2,73%
PETR4,Petrobras,45.649.600,26,39,-1,12%
ITUB4,Itaú Unibanco,43.122.800,26,54,-1,41%
VIIA3,Via,39.856.100,2,32,-2,11%
VALE3,Vale,39.802.200,64,28,-2,35%
COGN3,Cogna,35.943.400,2,86,+0,35%
CVCB3,CVC,35.245.400,2,98,-3,87%
B3SA3,B3,32.051.700,13,35,-1,33%
CIEL3,Cielo,29.556.800,4,77,-0,62%
ABEV3,Ambev,24.191.000,14,48,-1,90%
RAIZ4,Raízen,24.105.500,3,60,+1,98%
ITSA4,Itaúsa,23.570.400,8,88,-1,00%
ASAI3,Assaí,21.293.400,11,22,-2,60%
PRIO3,PetroRio,20.309.500,34,13,-2,82%
VBBR3,Vibra Energia,19.560.500,16,05,-2,43%
CASH3,Méliuz,19.041.200,0,90,+1,12%
NTCO3,Natura,18.771.100,13,82,+0,88%
USIM5,Usiminas,18.512.700,7,07,-2,88%
BBAS3,Banco do Brasil,18.403.400,44,70,+0,86%
SOMA3,Grupo Soma,18.354.900,10,31,+0,78%
CPLE6,Copel,17.435.900,7,56,-1,82%
PETR3,Petrobras,17.069.100,29,57,-0,94%
BRFS3,BRF,16.453.900,7,27,-1,49%
LREN3,Lojas Renner,15.286.600,19,32,-1,88%
SEQL3,Sequoia Logística,13.371.600,1,62,+8,00%
AMER3,Americanas,12.135.600,1,09,+0,00%
AZUL4,Azul,11.516.000,16,05,-1,53%
CSNA3,Siderúrgica Nacional,11.031.100,12,00,-3,77%
EQTL3,Equatorial Energia,10.612.800,28,10,-0,50%
GOLL4,GOL,10.405.400,8,04,-2,07%
CSAN3,Cosan,10.277.800,15,06,-1,76%
ANIM3,Ânima Educação,10.266.100,3,00,-0,33%
CRFB3,Carrefour Brasil,10.260.700,9,60,-2,24%
MRFG3,Marfrig,9.447.200,6,25,-2,19%
ELET3,Eletrobras,9.319.100,34,83,+0,14%
POMO4,Marcopolo,8.984.400,4,40,-0,23%
GGBR4,Gerdau,8.756.900,24,32,-2,53%
RENT3,Localiza,8.567.000,63,21,-1,59%
IFCM3,Infracommerce,8.309.300,1,57,-14,67%
OIBR3,Oi,8.285.800,1,01,-0,98%
SMFT3,Smart Fit,8.208.900,17,96,-2,50%
CCRO3,Grupo CCR,8.029.200,13,77,+1,40%
EMBR3,Embraer,7.997.100,18,88,+0,37%
CMIG4,CEMIG,7.391.000,11,91,-0,50%
PETZ3,Petz,7.340.000,7,24,-3,72%
RAIL3,Rumo,7.338.400,20,81,+0,29%
BEEF3,Minerva,7.334.700,9,84,+1,23%
BBDC3,Banco Bradesco,7.141.500,13,41,-1,83%
MOVI3,Movida,7.087.500,10,32,-6,52%
MRVE3,MRV,6.840.400,9,83,-1,01%
RADL3,RaiaDrogasil,6.820.900,28,46,-0,84%
JBSS3,JBS,6.493.900,16,41,+0,00%
GOAU4,Metalúrgica Gerdau,6.409.600,11,34,-2,41%
UGPA3,Ultrapar,6.387.200,16,97,+0,24%
WEGE3,WEG,6.336.900,38,34,-1,39%
CMIN3,CSN Mineração,6.286.300,4,44,-2,84%
RRRP3,3R Petroleum,6.254.700,29,82,-2,42%
ENEV3,Eneva,6.108.600,11,54,-0,35%
LJQQ3,Lojas Quero-Quero,6.062.400,5,16,+2,38%
TIMS3,TIM,6.030.300,14,37,+0,00%
ALPA4,Alpargatas,5.816.200,10,46,+0,48%
LWSA3,Locaweb,5.688.100,7,86,-1,26%
CYRE3,Cyrela,5.617.600,18,55,-1,28%
LIGT3,Light,5.451.200,4,47,-4,69%
GMAT3,Grupo Mateus,5.429.000,7,15,+0,70%
YDUQ3,YDUQS,5.230.000,14,19,-0,98%
VAMO3,Grupo Vamos,4.850.900,12,80,-3,54%
BBSE3,BB Seguridade,4.764.500,31,69,-1,25%
QUAL3,Qualicorp,4.693.300,4,50,-1,75%
RDOR3,Rede D'Or,4.688.800,28,99,-1,56%
SUZB3,Suzano,4.525.300,45,12,-0,57%
ALSO3,Aliansce Sonae,4.482.200,21,66,+0,51%
DXCO3,Dexco,4.373.200,8,65,+1,41%
STBP3,Santos Brasil,4.312.300,9,92,-1,59%
FLRY3,Fleury,4.007.400,15,94,-0,99%
CEAB3,C&A,3.916.900,4,36,-3,54%
HBSA3,Hidrovias do Brasil,3.791.600,3,20,+0,31%
GUAR3,Guararapes,3.759.200,4,84,+0,00%
AERI3,Aeris Energy,3.755.400,1,51,+1,34%
MULT3,Multiplan,3.690.300,26,75,-0,15%
RECV3,PetroRecôncavo,3.568.200,17,32,-2,64%
CXSE3,Caixa Seguridade,3.445.000,10,30,+0,19%
EZTC3,EZTEC,3.344.000,17,23,-1,88%
AMAR3,Lojas Marisa,3.329.500,0,64,-1,54%
CBAV3,CBA,3.322.800,5,38,-2,71%
IRBR3,IRB Brasil RE,3.277.700,38,71,+4,31%
TOTS3,Totvs,3.263.600,29,11,-0,65%
ECOR3,EcoRodovias,3.233.300,6,40,-0,47%
ENBR3,EDP Brasil,3.231.900,23,01,-0,09%
TEND3,Construtora Tenda,3.215.100,8,14,+1,24%
BPAN4,Banco Pan,3.212.900,6,58,-1,20%
BRAP4,Bradespar,3.125.400,21,43,-2,68%
MODL3,Banco Modal,3.081.000,2,49,-1,97%
BRKM5,Braskem,2.996.800,22,70,-0,83%
MLAS3,Multilaser,2.814.400,2,36,+1,29%
BRSR6,Banrisul,2.813.800,12,31,-0,73%
SIMH3,Simpar,2.780.100,8,93,-2,30%
HYPE3,Hypera,2.745.800,41,05,-0,92%
VIVT3,Vivo,2.611.600,41,04,-1,82%
PSSA3,Porto Seguro,2.389.200,23,90,+0,42%
KEPL3,Kepler Weber,2.362.700,8,24,-5,40%
ELET6,Eletrobras,2.283.700,38,82,-0,18%
SBFG3,Grupo SBF,2.209.300,9,88,-0,30%
SBSP3,Sabesp,2.155.500,52,51,-0,81%
POSI3,Positivo,2.123.000,6,78,-1,02%
VIVR3,Viver,2.101.300,0,34,-2,86%
AESB3,AES Brasil,2.090.600,12,29,-0,32%
GFSA3,Gafisa,2.063.200,5,12,-4,83%
ENAT3,Enauta,2.036.600,12,30,-1,99%
RAPT4,Randon,1.832.800,10,66,-0,37%
MILS3,Mills,1.829.600,11,50,+2,31%
ARZZ3,Arezzo,1.809.800,73,80,-0,77%
ESPA3,Espaçolaser,1.790.700,1,38,-4,17%
PCAR3,Grupo Pão de Açúcar,1.762.500,16,14,-0,49%
CPFE3,CPFL Energia,1.597.800,31,07,-1,80%
JHSF3,JHSF,1.573.700,4,57,+0,22%
SMTO3,São Martinho,1.557.200,35,72,+0,22%
MYPK3,Iochpe-Maxion,1.556.900,12,49,+2,80%
CPLE3,Copel,1.489.400,6,77,-1,88%
AZEV4,Azevedo & Travassos,1.481.500,1,60,+6,67%
CAML3,Camil Alimentos,1.453.100,6,94,-2,66%
DIRR3,Direcional,1.451.400,17,33,+0,81%
SAPR4,Sanepar,1.423.700,4,14,-1,43%
CSMG3,COPASA,1.418.200,20,03,-0,35%
KLBN4,Klabin,1.401.100,4,21,-0,24%
TRPL4,Transmissão Paulista,1.376.700,25,20,+0,20%
RCSL3,Recrusul,1.365.100,1,76,-0,56%
ALPK3,Estapar,1.328.100,2,83,+5,20%
CURY3,Cury,1.258.200,13,62,+0,37%
MDIA3,M. Dias Branco,1.248.700,38,98,-1,22%
VIVA3,Vivara,1.172.200,24,93,-0,76%
MBLY3,Mobly,1.122.000,2,76,+1,47%
EGIE3,Engie,1.089.800,42,74,-0,65%
ODPV3,Odontoprev,1.078.600,11,37,-3,15%
ZAMP3,Zamp,1.076.500,3,84,-4,00%
KRSA3,Kora Saúde,1.070.000,0,95,-4,04%
HBOR3,Helbor,1.062.000,2,95,+1,72%
NEOE3,Neoenergia,1.048.200,15,76,-1,13%
NINJ3,GetNinjas,1.013.300,3,07,-9,44%
ABCB4,Banco ABC Brasil,1.006.900,16,64,+0,24%
INTB3,Intelbras,988.300,25,49,-2,67%
SLCE3,SLC Agrícola,975.300,34,57,-1,43%
PTBL3,Portobello,955.300,7,05,+1,73%
PLPL3,Plano&Plano,868.100,7,30,-0,14%
GGPS3,GPS,862.700,14,69,-2,20%
ENJU3,Enjoei,862.700,1,22,+0,00%
TTEN3,3tentos,858.300,12,11,-0,82%
MEAL3,IMC Alimentação,846.400,2,16,-2,26%
MTRE3,Mitre Realty,840.300,5,60,+1,27%
GRND3,Grendene,838.800,7,01,-0,71%
TRAD3,Traders Club,815.500,0,98,+0,00%
RANI3,Irani,810.400,8,37,-1,18%
PGMN3,Pague Menos,766.700,3,30,-1,79%
ITUB3,Itaú Unibanco,717.500,22,64,-0,48%
SQIA3,Sinqia,711.600,20,01,-1,72%
TUPY3,Tupy,683.000,24,84,-2,40%
BOAS3,Boa Vista,673.500,7,62,-1,42%
KLBN3,Klabin,672.000,4,41,+1,61%
ONCO3,Oncoclínicas,669.900,10,84,-0,55%
JALL3,Jalles Machado,659.500,8,19,-1,80%
AMBP3,Ambipar,644.900,20,49,-2,06%
LUPA3,Lupatech,624.000,3,04,+0,00%
DASA3,Dasa,529.100,10,44,-5,09%
SHOW3,Time For Fun,515.400,2,12,+6,00%
MDNE3,Moura Dubeux,493.900,7,05,-1,12%
EVEN3,Even,487.000,6,36,-1,40%
TRIS3,Trisul,480.000,4,75,+0,00%
INEP3,Inepar,467.800,0,95,-2,06%
BRIT3,Brisanet,454.000,2,31,+0,00%
TASA4,Taurus,445.200,15,15,-1,11%
SHUL4,Schulz,431.300,5,76,-3,68%
USIM3,Usiminas,423.900,6,97,-1,97%
HBRE3,HBR Realty,422.300,4,38,-0,45%
ARML3,Armac,419.200,15,69,-2,30%
ROMI3,Indústrias ROMI,418.100,16,87,-1,00%
SYNE3,SYN,405.200,3,81,+1,06%
PINE4,PINE,399.000,2,75,+0,73%
BMGB4,Banco BMG,390.200,2,20,-0,90%
SGPS3,Springs,388.700,1,28,+0,00%
LOGG3,LOG CP,383.200,22,00,+4,17%
JSLG3,JSL,382.100,8,28,-3,61%
WIZC3,Wiz Soluções,376.800,5,83,-1,85%
TECN3,Technos,374.600,2,98,-0,33%
PNVL3,Dimed,372.000,11,62,-1,53%
NGRD3,Neogrid,362.900,1,54,-2,53%
ORVR3,Orizon,318.900,36,17,-1,31%
AGRO3,BrasilAgro,318.600,22,98,-2,79%
MATD3,Mater Dei,306.900,9,20,-1,08%
BMOB3,Bemobi,305.500,14,01,-0,85%
CSED3,Cruzeiro do Sul Educacional,305.300,3,27,-2,97%
LEVE3,Mahle Metal Leve,300.200,41,18,-1,86%
VULC3,Vulcabras,299.800,15,79,+1,35%
CLSA3,ClearSale,296.200,6,17,+1,31%
SEER3,Ser Educacional,295.100,3,88,-2,27%
FESA4,Ferbasa,290.500,50,22,-4,12%
SAPR3,Sanepar,288.700,4,04,-1,70%
AZEV3,Azevedo & Travassos,274.700,1,62,+5,19%
VLID3,Valid,271.900,13,80,+1,25%
ETER3,Eternit,268.300,10,92,-3,11%
IGTI3,Jereissati Participações,264.200,2,57,-3,02%
IGTI3,Iguatemi,264.200,2,57,-3,02%
DOTZ3,Dotz,253.500,0,93,+0,00%
LAVV3,Lavvi Incorporadora,233.900,6,37,+0,00%
INEP4,Inepar,215.600,0,76,+0,00%
CMIG3,CEMIG,208.700,17,36,-1,53%
UNIP6,Unipar,205.000,69,99,-2,10%
SOJA3,Boa Safra Sementes,201.200,11,00,-2,40%
AALR3,Alliar,194.200,22,83,-0,39%
LOGN3,Log-In,190.600,51,04,+1,07%
GOAU3,Metalúrgica Gerdau,168.600,10,70,-1,83%
FRAS3,Fras-le,167.800,12,10,-0,58%
GGBR3,Gerdau,166.000,21,08,-1,17%
TPIS3,Triunfo,162.100,3,20,-1,54%
BLAU3,Blau Farmacêutica,161.300,20,86,-2,11%
OPCT3,OceanPact,161.000,4,03,+1,26%
PRNR3,Priner,151.000,8,41,-0,36%
RCSL4,Recrusul,150.000,0,78,+1,30%
VITT3,Vittia,139.500,11,38,-0,09%
LAND3,Terra Santa,138.800,24,75,-1,04%
PDGR3,PDG Realty,134.100,5,21,-2,25%
VVEO3,Viveo,133.200,17,28,+0,35%
PORT3,Wilson Sons,126.600,10,70,-1,29%
TAEE4,Taesa,124.000,12,56,-0,40%
DEXP3,Dexxos,121.600,9,81,-0,91%
ATMP3,Atma,120.900,0,96,+2,13%
RSID3,Rossi Residencial,117.800,3,21,-3,31%
MELK3,Melnick,117.500,4,16,+1,46%
CAMB3,Cambuci,115.200,8,10,-1,94%
WEST3,Westwing,109.600,1,14,+2,70%
PFRM3,Profarma,109.400,3,47,+0,00%
TGMA3,Tegma,108.600,22,53,-0,04%
ITSA3,Itaúsa,107.900,9,04,-0,11%
LVTC3,WDC Networks,105.500,5,33,-4,31%
CTNM4,Coteminas,98.900,2,75,+1,85%
CTSA4,Santanense,97.300,1,84,-4,66%
POMO3,Marcopolo,95.100,3,41,-2,85%
SANB3,Banco Santander,91.400,13,49,-1,10%
RNEW4,Renova Energia,90.700,1,53,+2,00%
SANB4,Banco Santander,84.900,15,32,-2,23%
LPSB3,Lopes,79.000,2,18,-1,36%
TFCO4,Track & Field,75.800,10,79,+1,79%
TAEE3,Taesa,74.200,12,50,-0,71%
FIQE3,Unifique,74.200,3,70,+0,00%
RNEW3,Renova Energia,72.500,1,47,-0,68%
TCSA3,Tecnisa,68.900,3,09,-2,22%
UCAS3,Unicasa,68.300,2,62,+1,55%
VSTE3,LE LIS BLANC,68.000,16,30,-2,69%
TELB3,Telebras,63.300,18,00,-10,36%
BRAP3,Bradespar,63.100,20,34,-1,36%
BRPR3,BR Properties,55.400,66,75,+16,68%
CSUD3,CSU Cardsystem,49.500,13,16,-1,64%
SNSY5,Sansuy,48.900,3,16,+22,96%
ALLD3,Allied,47.800,6,49,-2,84%
FHER3,Fertilizantes Heringer,44.000,14,44,-0,69%
RPMG3,Refinaria de Manguinhos,43.800,1,96,-2,00%
DMVF3,D1000 Varejo Farma,36.800,4,30,-0,46%
SLED4,Saraiva,34.600,0,99,-1,98%
AVLL3,Alphaville,32.000,3,98,+1,79%
AGXY3,AgroGalaxy,29.300,6,11,+1,66%
HAGA3,Haga,28.800,2,26,-4,64%
HAGA4,Haga,28.100,1,01,-3,81%
COCE5,Coelce,26.200,51,60,-0,46%
BOBR4,Bombril,25.500,1,54,-0,65%
BEES3,Banestes,24.800,7,70,+3,36%
BPAC5,Banco BTG Pactual,24.000,6,59,-4,22%
ELMD3,Eletromidia,23.200,14,80,-1,66%
DESK3,Desktop,23.200,9,47,-0,53%
PDTC3,Padtec,22.200,2,35,-0,84%
OIBR4,Oi,19.100,2,40,+0,42%
TASA3,Taurus,17.400,15,06,-1,31%
CEDO4,Cedro Têxtil,15.400,7,63,+1,87%
EALT4,Electro Aço Altona,14.800,8,16,-3,09%
ALUP3,Alupar,14.700,9,74,-0,41%
BPAC3,Banco BTG Pactual,14.300,13,20,-3,23%
TELB4,Telebras,14.000,14,80,-1,33%
ALUP4,Alupar,13.000,9,73,-0,21%
PMAM3,Paranapanema,13.000,4,45,+0,45%
ENGI4,Energisa,12.800,7,80,-0,51%
EUCA4,Eucatex,12.500,10,32,-1,43%
TEKA4,Teka,11.500,12,06,-9,26%
CTNM3,Coteminas,11.400,10,66,+10,24%
BRSR3,Banrisul,10.700,13,15,+0,46%
EUCA3,Eucatex,10.400,13,40,-8,22%
HOOT4,Hotéis Othon,10.400,1,95,+0,52%
CRPG5,Tronox Pigmentos,10.100,37,55,-2,69%
UNIP3,Unipar,10.000,66,71,-1,04%
ALPA3,Alpargatas,9.300,10,69,-1,84%
ATOM3,ATOM,9.300,2,47,-0,80%
APER3,Alper,9.200,29,25,-1,58%
BAHI3,Bahema,8.900,8,50,-6,49%
BIOM3,Biomm,7.800,6,50,+0,15%
SNSY3,Sansuy,7.800,4,81,+8,09%
WHRL4,Whirlpool,7.700,4,53,-0,22%
DOHL4,Döhler,7.400,5,63,-1,23%
OFSA3,Ourofino Saúde Animal,7.000,23,10,-2,98%
BMEB4,Banco Mercantil do Brasil,7.000,10,05,-1,47%
BRKM3,Braskem,6.400,22,87,-1,63%
CEBR6,CEB,6.100,12,70,-0,78%
CGRA4,Grazziotin,6.000,28,40,-1,42%
RAPT3,Randon,5.700,9,20,+0,33%
REDE3,Rede Energia,5.500,5,85,-0,34%
CTSA3,Santanense,5.500,3,64,-7,38%
JFEN3,João Fortes,5.500,2,29,-0,87%
OSXB3,OSX Brasil,5.200,4,18,+0,72%
RSUL4,Metalúrgica Riosulense,4.700,65,12,-6,96%
ENGI3,Energisa,4.300,13,00,-0,61%
BEES4,Banestes,3.500,8,95,+1,02%
SCAR3,São Carlos,3.400,20,84,+4,20%
WHRL3,Whirlpool,3.100,4,40,-0,90%
CGRA3,Grazziotin,3.000,28,70,-0,52%
PTNT4,Pettenati,2.800,6,53,-3,83%
MERC4,Mercantil do Brasil Financeira,2.700,7,98,-9,83%
MGEL4,Mangels,2.600,13,74,+1,03%
MWET4,Wetzel,2.400,9,88,+0,30%
DEXP4,Dexxos,2.300,9,35,-6,59%
GSHP3,General Shopping & Outlets,2.100,14,50,-24,04%
MTSA4,METISA,1.900,40,44,+0,52%
NEXP3,Brasil Brokers,1.900,4,15,+3,23%
AFLT3,Afluente T,1.800,9,70,+8,14%
CPLE5,Copel,1.700,23,43,-2,38%
RDNI3,RNI,1.600,5,24,-1,13%
MNDL3,Mundial,1.500,51,80,-0,59%
FRTA3,Pomi Frutas,1.500,2,35,-1,67%
CEDO3,Cedro Têxtil,1.400,8,14,+1,75%
BAUH4,Excelsior,1.200,76,76,+4,19%
CLSC4,Celesc,1.100,53,48,-0,78%
EQPA3,Equatorial Energia Pará,1.100,6,17,+0,98%
MOAR3,Monteiro Aranha,1.000,386,00,+1,62%
EMAE4,EMAE,1.000,62,95,+1,53%
TRPL3,Transmissão Paulista,1.000,30,07,-0,23%
CEBR5,CEB,1.000,12,65,+0,00%
RPAD6,Alfa Holdings,1.000,6,87,+0,29%
BRIV3,Alfa Investimento,700,10,01,+0,10%
CLSC3,Celesc,600,52,17,+0,00%
CEBR3,CEB,600,12,68,-0,16%
MNPR3,Minupar,600,9,87,-2,85%
NORD3,Nordon,600,7,80,+4,00%
ELET5,Eletrobras,500,70,51,+4,15%
BAZA3,Banco da Amazônia,500,67,71,-1,53%
ESTR4,Estrela,500,58,00,-10,77%
CRPG6,Tronox Pigmentos,500,37,37,+1,00%
BSLI3,Banco de Brasília,500,15,09,+0,60%
ENMT4,Energisa MT,400,71,00,-1,38%
ENMT3,Energisa MT,400,71,00,-0,41%
HBTS5,Habitasul,400,30,00,+0,17%
EPAR3,EPAR3,400,12,56,+2,95%
BSLI4,Banco de Brasília,400,12,16,-0,33%
WLMM4,WLM,300,23,20,-0,13%
IGTI4,Jereissati Participações,300,9,83,+1,34%
IGTI4,Iguatemi,300,9,83,+1,34%
PTNT3,Pettenati,300,8,51,+0,95%
PLAS3,Plascar,300,8,50,-5,45%
FESA3,Ferbasa,200,58,51,-6,08%
CSRN5,COSERN,200,25,79,-0,04%
SLED3,Saraiva,200,7,01,-1,82%
CRIV3,Alfa Financeira,200,5,38,+0,00%
IGBR3,IGB Eletrônica,100,126,00,+2,27%
UNIP5,Unipar,100,80,50,+0,00%
LIPR3,Eletropar,100,72,00,+0,00%
MSPA4,Melhoramentos,100,40,00,+0,00%
PEAB3,Participações Aliança da Bahia,100,30,20,-5,33%
BGIP4,Banese,100,22,85,-1,47%
CSRN6,COSERN,100,21,50,-2,05%
LUXM4,Trevisa,100,20,80,+0,00%
BRKM6,Braskem,100,19,50,+0,00%
EALT3,Electro Aço Altona,100,8,72,+0,00%
BMKS3,Monark,75,330,00,+1,85%
CEEB3,COELBA,1.200,38,12,-4,94%
BRGE6,Consórcio Alfa,1.000,10,45,+1,46%
CBEE3,Ampla Energia,700,16,22,+15,69%
CTKA4,Karsten,600,11,50,+0,00%
BRGE11,Consórcio Alfa,600,9,79,+4,93%
CRDE3,CR2,300,13,70,+5,63%
PATI4,Panatlântica,200,36,56,-1,19%
CALI3,Adolpho Lindenberg,200,11,11,+0,00%
BRIV4,Alfa Investimento,200,10,00,+0,50%
CGAS5,Comgás,100,127,75,+0,59%
TKNO4,Tekno,100,54,00,+0,67%
SOND5,Sondotécnica,100,40,00,+0,00%
EKTR4,Elektro,100,38,00,+0,00%
AHEB3,São Paulo Turismo,100,22,10,+0,00%
BALM4,Baumer,100,9,50,+0,00%
CSAB4,Cia. de Seg. Aliança da Bahia,400,49,00,+17,82%
CSRN3,COSERN,400,21,45,+2,09%
GEPA4,Rio Paranapanema Energia,300,25,00,+0,00%
FRIO3,Metalfrio,200,23,01,+0,00%
EQMA3B,Equatorial Maranhão,200,22,19,+0,41%
BNBR3,Banco do Nordeste,100,78,14,-4,70%
BGIP3,Banese,100,29,24,+1,49%
CRIV4,Alfa Financeira,100,5,47,+0,00%
RPAD5,Alfa Holdings,1.900,6,90,+0,00%
DTCY3,Dtcom,1.000,5,60,+14,29%
BMIN3,Banco Mercantil de Investimentos,800,18,23,-7,88%
BRSR5,Banrisul,200,17,70,+0,63%
BDLL4,Bardella,100,10,00,+0,00%
BMEB3,Banco Mercantil do Brasil,2.600,11,14,-0,45%
JOPA3,Josapar,600,21,71,-0,37%
BMIN4,Banco Mercantil de Investimentos,300,12,69,-1,78%
MRSA6B,MRS Logística,200,22,00,-4,60%
CSAB3,Cia. de Seg. Aliança da Bahia,100,32,00,+0,16%
HETA4,Hercules,2.300,3,70,-2,89%
GEPA3,Rio Paranapanema Energia,100,25,50,+0,20%
CGAS3,Comgás,700,110,01,-0,08%
BRGE7,Consórcio Alfa,400,9,29,+26,22%
USIM6,Usiminas,300,14,80,-3,14%
PEAB4,Participações Aliança da Bahia,200,69,99,+7,68%
AHEB5,São Paulo Turismo,100,18,50,+0,00%
DOHL3,Döhler,100,10,00,+0,00%
JOPA4,Josapar,200,34,21,-2,56%
MWET3,Wetzel,200,13,28,-55,70%
EKTR3,Elektro,100,34,92,-3,19%
BRGE12,Consórcio Alfa,400,9,90,+0,10%
COCE3,Coelce,100,47,00,-2,08%
PATI3,Panatlântica,200,43,79,+4,26%
ODER4,Conservas Oderich,100,100,00,+12,35%
CEEB5,COELBA,100,35,24,+0,09%
BALM3,Baumer,100,11,01,+0,00%
RPAD3,Alfa Holdings,100,7,49,+16,49%
BDLL3,Bardella,200,12,98,+3,84%
EQPA7,Equatorial Energia Pará,300,7,01,-12,38%
BRGE3,Consórcio Alfa,200,9,95,+4,41%
ESTR3,Estrela,100,70,00,+75,00%
AHEB6,São Paulo Turismo,100,21,00,+5,00%
PARD3,Hermes Pardini,1.855.100,18,10,+1,23%
CASN3,CASAN,100,10,43,-18,58%
WLMM3,WLM,500,20,00,-9,09%
MAPT4,Cemepe,200,6,82,-33,20%
CEED3,CEEE D,100,30,90,+0,00%
CEED4,CEEE D,100,30,00,-14,29%
GPAR3,CELGPAR,200,41,92,-8,87%
MTSA3,METISA,200,75,00,+0,00%
BRGE8,Consórcio Alfa,100,9,70,+0,00%
MAPT3,Cemepe,100,30,05,-19,87%
DMFN3,DMFN3,1.800,14,61,+0,00%
SOND6,Sondotécnica,600,32,35,+0,00%
MRSA5B,MRS Logística,100,27,00,+22,39%
WIZS3,WIZS3,779.400,7,16,+1,99%
LLIS3,LLIS3,249.800,1,73,+2,98%
MSPA3,Melhoramentos,400,46,25,-7,52%
BRML3,BRMalls,16.132.900,8,26,+2,35%
DMMO3,Dommo Energia,3.254.800,1,76,-1,12%
EQPA5,Equatorial Energia Pará,100,8,64,+0,93%
GETT3,Getnet,46.500,2,40,+1,27%
GETT4,Getnet,18.500,2,40,+1,27%
SULA4,SulAmérica,18.600,7,63,+5,53%
SULA3,SulAmérica,4.000,7,43,+1,50%
CTKA3,Karsten,200,21,46,-1,20%
BRGE5,Consórcio Alfa,800,11,53,+15,30%
CRPG3,Tronox Pigmentos,100,55,00,+27,91%
MRSA3B,MRS Logística,100,26,00,+4,00%
CEPE5,CELPE,100,40,12,+0,02%
MERC3,Mercantil do Brasil Financeira,100,15,11,-5,56%
TCNO4,Tecnosolo,36.800,0,85,-9,57%
TCNO3,Tecnosolo,3.400,1,20,-1,64%
CEPE6,CELPE,100,43,00,+6,17%
BKBR3,BKBR3,782.300,7,63,+0,26%
MTIG4,Metalgráfica Iguaçu,100,23,00,+0,00%
BLUT4,Blue Tech Solutions,171.100,1,52,-5,59%
BLUT3,Blue Tech Solutions,13.400,5,14,+0,59%
MODL4,Banco Modal,700,2,72,-2,16%
CARD3,CARD3,118.000,14,51,+1,82%
SHUL3,Schulz,100,27,94,-50,12%
FIGE3,Investimentos Bemge,100,12,03,+99,83%
FNCN3,Finansinos,4.800,14,25,-0,35%
TEKA3,Teka,100,8,23,+1,73%
HETA3,Hercules,200,96,00,+0,00%
LCAM3,Locamerica,26.118.900,24,15,+1,86%
BIDI4,Banco Inter,52.479.800,3,41,-2,01%
BIDI3,Banco Inter,15.262.400,3,40,-2,58%
EEEL4,CEEE GT,100,410,00,-4,27%
EEEL3,CEEE GT,400,421,01,+5,25%
BBRK3,BBRK3,1.279.600,0,80,+1,27%
SOND3,Sondotécnica,200,46,01,+14,45%
CEGR3,Naturgy (CEG),100,89,00,+11,40%
CESP6,CESP,9.306.600,25,25,+1,41%
CESP3,CESP,11.500,25,55,+1,71%
CESP5,CESP,300,25,00,+2,75%
ECPR4,Encorpar,100,90,74,+0,42%
MOSI3,Mosaico,1.021.200,8,24,+3,00%
POWE3,Focus Energia,678.000,10,90,-2,24%
EQPA6,Equatorial Energia Pará,600,10,69,+0,09%
ECPR3,Encorpar,300,90,25,+12,97%
GNDI3,NotreDame Intermédica,33.458.600,65,34,+0,00%
LAME4,Lojas Americanas,43.631.000,6,55,+2,02%
LAME3,Lojas Americanas,10.941.100,6,62,+2,95%
OMGE3,Omega Geração,834.900,27,57,-0,86%
IGTA3,IGTA3,1.641.100,33,13,+0,18%
JPSA3,JPSA3,100.100,29,02,+1,75%
BRDT3,BRDT3,24.483.500,22,03,-5,17%
JBDU4,JBDU4,2.556.100,1,36,+3,82%
JBDU3,JBDU3,1.890.100,3,12,+9,09%
HGTX3,Hering,7.519.800,37,50,-2,65%
CCPR3,CCPR3,328.200,10,16,-4,51%
DTEX3,DTEX3,2.875.600,20,63,-3,10%
VVAR3,VVAR3,65.670.600,11,30,-6,38%
PNVL4,Dimed,2.000,18,62,-2,67%
TESA3,Terra Santa,41.100,48,00,-2,74%
BTOW3,BTOW3,11.169.600,68,00,+4,15%
LINX3,Linx,8.510.000,37,40,-0,27%
BTTL3,Embpar,6.100,19,72,-2,33%
GPCP3,GPCP3,698.100,49,00,-3,92%
GPCP4,GPCP4,5.300,45,51,-1,30%
SMLS3,Smiles,1.944.100,22,40,-1,71%
MMXM3,MMX Mineração,1.240.300,14,00,-30,35%
BSEV3,Biosev,528.800,9,00,+8,43%
CNTO3,CNTO3,2.083.600,28,08,+4,78%
TIET4,AES Tietê Energia,323.700,3,51,+1,15%
TIET3,AES Tietê Energia,169.100,3,49,+0,87%
CORR4,Corrêa Ribeiro,100,82,00,+18,84%
CEPE3,CELPE,1.300,128,00,+85,32%
CALI4,Adolpho Lindenberg,100,50,00,+4,17%
SNSY6,Sansuy,100,11,51,+4,64%
CASN4,CASAN,100,10,00,-16,67%
EMAE3,EMAE,100,26,01,+33,25%
BPAR3,Banpará,100,182,07,+20,58%
APTI4,Aliperti,200,3.500,00,-61,96%
VSPT3,FCA,1.000.000,4.999.999,50,+114,29%
MTIG3,Metalgráfica Iguaçu,400,156,30,+29,60%
FIGE4,Investimentos Bemge,100,38,01,-4,97%
LUXM3,Trevisa,200,10,00,+7,99%
TKNO3,Tekno,100,85,79,+10,64%
COCE6,Coelce,100,35,00,+16,63%
MGEL3,Mangels,100,75,00,+8,70%
CTSA8,Santanense,2.000,1,00,+0,00%
MMAQ4,Minasmáquinas,14,200,06,-28,55%
